timestamp,project_name,duration,emissions,emissions_rate,cpu_power,gpu_power,ram_power,cpu_energy,gpu_energy,ram_energy,energy_consumed,country_name,country_iso_code,region,on_cloud,cloud_provider,cloud_region
2020-03-23 09:26:11,project_delta,26,8,3.3385102961109245,3,0,1.2345361050919164,3,0,0.15653343414605037,1,Canada,CAN,Sao Paulo,N,,asia-east1
2020-03-24 09:26:11,project_alpha,30,8,3.0810761761335623,6,0,1.2345361515662918,6,0,0.1565334439606509,6,Canada,CAN,Ontario,N,,
2020-03-25 09:26:11,project_theta,21,8,3.561574046262956,1,0,1.2345378692254632,1,0,0.1565338083384862,1,Brazil,CAN,Ontario,N,,asia-east1
2020-03-26 09:26:11,project_alpha,26,7,1.2448934009366366,6,0,1.2345356506260259,6,0,0.15653333798490712,6,Canada,CAN,Ontario,N,,
2020-03-27 09:26:11,project_alpha,46,3,2.3840077049733153,5,0,1.2345380043319343,7,0,0.15653383747268054,7,Taiwan,CAN,Ontario,N,,
2020-03-28 09:26:11,project_delta,37,7,3.3755734992938007,7,0,1.2345362970376264,5,0,0.15653347525061717,7,Taiwan,CAN,Ontario,Y,,asia-east1
2020-03-29 09:26:11,project_gamma,39,9,0.9633096844591587,9,0,1.2345362866056628,6,0,0.1565334734026321,6,USA,USA,Ohio,N,,
2020-03-30 09:26:11,project_beta,49,1,1.8058281468746777,6,0,1.234535343775014,7,0,0.1565332731763795,6,Canada,BRA,Sao Paulo,Y,,asia-east1
2020-03-31 09:26:11,project_gamma,27,9,4.286023962374286,1,0,1.2345362088145286,1,0,0.15653345599516888,1,Taiwan,TWN,Changhua County,N,,asia-east1
2020-04-01 09:26:11,project_gamma,39,8,4.260516246743453,1,0,1.2345378029156113,3,0,0.1565337943784808,1,USA,USA,Ohio,N,,
2020-04-02 09:26:11,project_alpha,36,5,0.5,2,0,1.2345360350542904,2,0,0.15653341943035115,2,Canada,CAN,Ontario,N,gcp,
2020-04-03 09:26:11,project_gamma,30,6,4.5,4,0,1.2345370340750539,4,0,0.15653363093648204,4,Canada,TWN,Ontario,N,gcp,asia-east1
2020-04-04 09:26:11,project_alpha,38,9,0.5,3,0,1.23453670799912,3,0,0.15653356224365944,1,Brazil,BRA,Sao Paulo,N,,brazilsouth
2020-04-05 09:26:11,project_theta,25,9,2.568514864947097,4,0,1.2345367226330761,4,0,0.1565335652874304,9,Canada,BRA,Ontario,N,,asia-east1
2020-04-06 09:26:11,project_gamma,29,5,1.5378578144826989,2,0,1.2345364589066183,2,0,0.15653350932562327,2,Taiwan,TWN,Ontario,N,,
2020-04-07 09:26:11,project_delta,13,4,0.5461673924256534,5,0,1.234537206250321,5,0,0.1565336671825984,5,Taiwan,USA,Ohio,N,,
2020-04-08 09:26:11,project_delta,28,6,2.7054961656417373,6,0,1.234535025837356,6,0,0.15653320522708428,6,Canada,CAN,Ontario,N,,brazilsouth
2020-04-09 09:26:11,project_alpha,38,2,3.529972758531057,4,0,1.234537358077898,2,0,0.15653370060357052,4,Taiwan,CAN,Changhua County,N,gcp,
2020-04-10 09:26:11,project_alpha,33,9,3.0782022489686813,6,0,1.2345367336499398,6,0,0.1565335673179251,6,Taiwan,CAN,Changhua County,N,,asia-east1
2020-04-11 09:26:11,project_theta,21,8,2.900124473551001,8,0,1.234536750293562,8,0,0.1565335713217349,8,Canada,CAN,Ontario,Y,gcp,brazilsouth
2020-04-12 09:26:11,project_beta,22,7,1.7068701092023841,9,0,1.2345362382657026,9,0,0.15653346308849522,6,Canada,CAN,Ontario,N,,
2020-04-13 09:26:11,project_alpha,26,2,2.800865107403249,8,0,1.2345363175279633,8,0,0.15653347913679058,8,Canada,CAN,Ontario,N,,
2020-04-14 09:26:11,project_alpha,42,2,2.801132672916239,7,0,1.234538396,7,0,0.15653392,7,Canada,CAN,Ontario,N,,brazilsouth
2020-04-15 09:26:11,project_delta,33,7,3.148949886365254,6,0,1.2345356875194198,6,0,0.15653334583098907,6,Taiwan,TWN,Changhua County,Y,,
2020-04-16 09:26:11,project_theta,26,6,1.5244610975474304,8,0,1.2345382669821285,8,0,0.1565338921735138,8,Canada,TWN,Changhua County,N,,asia-east1
2020-04-17 09:26:11,project_delta,25,8,4.5,2,0,1.2345377702410985,2,0,0.15653378715691113,2,Taiwan,TWN,Changhua County,N,,brazilsouth
2020-04-18 09:26:11,project_delta,10,5,1.6077357446726999,6,0,1.234538396,6,0,0.15653392,6,USA,TWN,Ohio,Y,gcp,
2020-04-19 09:26:11,project_alpha,10,2,2.766825437340081,8,0,1.234535,8,0,0.1565332,8,Canada,TWN,Changhua County,N,,
2020-04-20 09:26:11,project_delta,44,2,1.8716538112979015,1,0,1.2345352533198768,1,0,0.15653325342120208,1,Taiwan,TWN,Ohio,N,,
2020-04-21 09:26:11,project_delta,14,6,3.995374518275788,3,0,1.2345359795803545,8,0,0.1565334076725582,3,Canada,CAN,Ontario,Y,,brazilsouth
2020-04-22 09:26:11,project_gamma,30,2,3.0366765643343174,3,0,1.2345360200078206,3,0,0.1565334162143275,3,USA,USA,Ohio,Y,gcp,
2020-04-23 09:26:11,project_delta,26,9,3.8946572309314353,5,0,1.234535,5,0,0.1565332,1,Canada,CAN,Ontario,N,,asia-east1
2020-04-24 09:26:11,project_beta,26,1,4.183567087486098,5,0,1.234536253439126,5,0,0.1565334651900926,5,Brazil,BRA,Sao Paulo,N,,asia-east1
2020-04-25 09:26:11,project_alpha,41,3,3.877159139829121,6,0,1.2345374682360581,6,0,0.15653372347754868,6,USA,TWN,Ohio,N,,
2020-04-26 09:26:11,project_gamma,41,2,1.9704559180516408,6,0,1.234537126032555,6,0,0.1565336506045252,6,Taiwan,TWN,Ohio,N,,asia-east1
2020-04-27 09:26:11,project_theta,34,2,0.5,7,0,1.234537526139594,7,0,0.15653373543868537,7,Brazil,BRA,Sao Paulo,Y,gcp,brazilsouth
2020-04-28 09:26:11,project_delta,10,4,1.2095326681533307,8,0,1.2345374138188983,8,0,0.1565337111479141,8,Canada,TWN,Changhua County,N,,
2020-04-29 09:26:11,project_delta,41,4,1.5167697007319603,6,0,1.2345364633245262,6,0,0.1565335099664947,6,USA,TWN,Changhua County,Y,gcp,
2020-04-30 09:26:11,project_theta,32,6,3.178716618614661,3,0,1.2345360856388627,8,0,0.15653343016816615,3,Canada,CAN,Ontario,N,,
2020-05-01 09:26:11,project_theta,36,3,2.205373835458506,7,0,1.2345382995499539,7,0,0.1565338995580024,7,Brazil,BRA,Ontario,N,,
2020-05-02 09:26:11,project_delta,20,6,3.165694368359623,1,0,1.2345363006707633,3,0,0.15653347549312066,1,USA,USA,Changhua County,N,,
2020-05-03 09:26:11,project_delta,47,9,3.893936987434018,4,0,1.234538396,4,0,0.15653392,9,Taiwan,CAN,Changhua County,N,,
2020-05-04 09:26:11,project_beta,37,2,2.83780653026218,4,0,1.234537436573688,2,0,0.15653371625485704,2,Brazil,BRA,Sao Paulo,N,,
2020-05-05 09:26:11,project_alpha,22,8,3.590578217205657,7,0,1.2345362110548797,7,0,0.1565334570936694,7,Canada,CAN,Sao Paulo,N,,
2020-05-06 09:26:11,project_alpha,34,4,4.247662558186907,7,0,1.234538396,5,0,0.15653392,7,Brazil,CAN,Ontario,N,,asia-east1
2020-05-07 09:26:11,project_alpha,49,8,3.30822228212512,7,0,1.2345351283751032,7,0,0.1565332277777486,7,Taiwan,CAN,Ontario,N,,asia-east1
2020-05-08 09:26:11,project_theta,30,9,1.6670076758566248,4,0,1.2345358510258415,2,0,0.15653338055983268,2,Brazil,BRA,Sao Paulo,N,,asia-east1
2020-05-09 09:26:11,project_alpha,10,2,1.35401131876722,1,0,1.2345370654082641,5,0,0.15653363762121847,1,Taiwan,USA,Ohio,N,,
2020-05-10 09:26:11,project_beta,22,9,4.284833638310086,9,0,1.2345353872554132,9,0,0.15653328205423955,9,Brazil,BRA,Sao Paulo,Y,gcp,asia-east1
2020-05-11 09:26:11,project_delta,49,7,4.5,4,0,1.2345366969915492,4,0,0.15653355964916307,4,Taiwan,TWN,Changhua County,N,,
2020-05-12 09:26:11,project_gamma,38,5,1.0865495779244811,1,0,1.2345362911737723,5,0,0.15653347391047537,5,USA,USA,Ohio,N,,
2020-05-13 09:26:11,project_theta,34,8,4.5,7,0,1.2345374364726578,6,0,0.15653371684829648,6,Canada,CAN,Ontario,N,,
2020-05-14 09:26:11,project_theta,31,8,2.0759314122912906,7,0,1.2345362379237168,6,0,0.15653346204505234,7,Canada,CAN,Changhua County,N,gcp,asia-east1
2020-05-15 09:26:11,project_alpha,30,7,2.9459862176336866,7,0,1.234535285427367,7,0,0.15653326054786226,7,Canada,CAN,Ontario,N,,
2020-05-16 09:26:11,project_gamma,31,2,2.934565771055212,2,0,1.234535,2,0,0.1565332,2,USA,TWN,Changhua County,N,,
2020-05-17 09:26:11,project_alpha,35,2,2.9626156012214895,5,0,1.2345353953485316,1,0,0.15653328378415193,1,Taiwan,CAN,Changhua County,N,,
2020-05-18 09:26:11,project_delta,44,8,2.5808910442657704,1,0,1.2345377738238887,3,0,0.1565337883243373,3,Taiwan,TWN,Changhua County,N,,
2020-05-19 09:26:11,project_delta,19,2,3.6819298680566446,5,0,1.234537459975054,5,0,0.15653372180722042,5,Canada,CAN,Changhua County,N,,brazilsouth
2020-05-20 09:26:11,project_delta,28,7,2.167210725626262,3,0,1.234536321022741,3,0,0.1565334801418083,3,Canada,CAN,Ontario,N,,asia-east1
2020-05-21 09:26:11,project_alpha,13,9,4.283033187093349,6,0,1.2345360134642969,6,0,0.15653341471787655,6,Canada,TWN,Changhua County,N,,
2020-05-22 09:26:11,project_beta,45,6,1.7880480745584983,1,0,1.2345363285016162,1,0,0.15653348178797336,5,Brazil,BRA,Sao Paulo,N,,brazilsouth
2020-05-23 09:26:11,project_theta,26,5,4.32008514333363,6,0,1.2345368208339382,9,0,0.15653358574592607,6,Taiwan,CAN,Ontario,N,,
2020-05-24 09:26:11,project_theta,13,5,3.3116818897025704,7,0,1.234536787731004,7,0,0.1565335790859762,7,Canada,CAN,Ontario,Y,,
2020-05-25 09:26:11,project_beta,43,4,1.9969430222832982,3,0,1.2345366692855795,3,0,0.1565335542835966,3,Brazil,BRA,Sao Paulo,N,,brazilsouth
2020-05-26 09:26:11,project_beta,35,9,0.9330507037363704,6,0,1.234538396,9,0,0.15653392,6,Brazil,BRA,Sao Paulo,N,,asia-east1
2020-05-27 09:26:11,project_gamma,49,4,3.22489648143503,9,0,1.234536950743662,9,0,0.15653361359912527,9,USA,TWN,Changhua County,Y,gcp,asia-east1
2020-05-28 09:26:11,project_alpha,14,8,2.5843082277071403,2,0,1.2345366066838988,2,0,0.15653354060983807,2,Canada,CAN,Ontario,N,,
2020-05-29 09:26:11,project_alpha,32,2,1.8569428927684162,7,0,1.2345352819088893,7,0,0.15653325928053233,7,Canada,CAN,Ontario,N,,
2020-05-30 09:26:11,project_delta,44,4,0.9727853057098856,1,0,1.2345367144510877,5,0,0.15653356338555374,1,Taiwan,TWN,Ohio,N,,asia-east1
2020-05-31 09:26:11,project_delta,25,9,2.4372359161771184,3,0,1.23453625581398,3,0,0.15653346634040813,3,Canada,CAN,Ontario,N,,
2020-06-01 09:26:11,project_alpha,43,2,2.4711681922290465,2,0,1.2345353732507574,2,0,0.1565332787362206,2,Canada,CAN,Ontario,Y,,brazilsouth
2020-06-02 09:26:11,project_gamma,34,2,3.2555504146920087,2,0,1.234536458889083,2,0,0.15653350930112472,2,Taiwan,TWN,Ontario,N,,
2020-06-03 09:26:11,project_gamma,47,3,2.57338542884042,1,0,1.2345358266669266,1,0,0.1565333751981217,5,USA,USA,Ohio,Y,,brazilsouth
2020-06-04 09:26:11,project_alpha,49,1,4.5,2,0,1.2345361059221671,2,0,0.15653343435377198,2,Brazil,BRA,Sao Paulo,N,,asia-east1
2020-06-05 09:26:11,project_delta,22,1,3.0216372414697417,5,0,1.2345368446939393,5,0,0.15653359132996894,7,Taiwan,TWN,Changhua County,N,,asia-east1
2020-06-06 09:26:11,project_alpha,15,9,4.369072245617477,1,0,1.2345382362566826,5,0,0.1565338862057265,5,Taiwan,TWN,Changhua County,N,,
2020-06-07 09:26:11,project_delta,33,7,3.1430661862922977,3,0,1.234535557315687,3,0,0.15653331806844778,3,Taiwan,TWN,Ohio,N,,asia-east1
2020-06-08 09:26:11,project_alpha,34,9,3.635449643708636,7,0,1.234535748606877,7,0,0.15653335875514457,7,Canada,CAN,Ontario,N,,asia-east1
2020-06-09 09:26:11,project_alpha,35,7,3.1253968071832374,5,0,1.2345377460701745,1,0,0.1565337817219248,1,Canada,TWN,Changhua County,N,,
2020-06-10 09:26:11,project_delta,23,2,2.664551403752165,3,0,1.234536692368322,8,0,0.15653355877642353,3,USA,TWN,Ohio,N,,
2020-06-11 09:26:11,project_gamma,37,7,1.2761307567221134,3,0,1.2345363685017057,3,0,0.15653349030140815,8,Taiwan,TWN,Changhua County,N,,
2020-06-12 09:26:11,project_gamma,29,3,4.5,4,0,1.234535,9,0,0.1565332,4,USA,USA,Ohio,N,,
2020-06-13 09:26:11,project_beta,29,5,0.744827887782749,5,0,1.2345350136240782,7,0,0.15653320284980343,5,Canada,BRA,Ontario,N,,
2020-06-14 09:26:11,project_delta,18,7,1.9227804372054755,2,0,1.2345357060764486,2,0,0.1565333504035189,2,Taiwan,TWN,Changhua County,N,,asia-east1
2020-06-15 09:26:11,project_delta,41,5,2.404838461424284,6,0,1.234537892542157,6,0,0.15653381326049373,6,Canada,CAN,Ontario,N,,asia-east1
2020-06-16 09:26:11,project_alpha,38,5,1.967236549741195,2,0,1.2345353953767948,2,0,0.1565332843880906,2,USA,TWN,Changhua County,N,,
2020-06-17 09:26:11,project_gamma,49,2,2.1717806600183156,2,0,1.2345367676368901,2,0,0.15653357498376483,2,Taiwan,TWN,Changhua County,N,,
2020-06-18 09:26:11,project_alpha,18,1,3.477651208506941,4,0,1.234535978662472,9,0,0.1565334081299969,4,Canada,CAN,Ontario,N,,asia-east1
2020-06-19 09:26:11,project_theta,26,8,0.8706569691010417,8,0,1.2345361574264309,8,0,0.1565334457327919,8,Canada,BRA,Ontario,Y,,asia-east1
2020-06-20 09:26:11,project_alpha,40,7,4.5,6,0,1.2345363726909524,6,0,0.1565334911553774,6,Brazil,BRA,Sao Paulo,N,,
2020-06-21 09:26:11,project_alpha,22,9,1.8230932948859762,5,0,1.2345364264782974,5,0,0.15653350267667587,5,Canada,CAN,Ontario,N,,asia-east1
2020-06-22 09:26:11,project_theta,10,6,2.5695540379373507,1,0,1.2345373021569874,1,0,0.15653368809850862,3,Taiwan,CAN,Ontario,N,,brazilsouth
2020-06-23 09:26:11,project_alpha,45,9,3.7110090592835263,3,0,1.2345363636728495,3,0,0.15653348940679485,8,Canada,TWN,Ontario,N,,
2020-06-24 09:26:11,project_alpha,46,9,3.1356327090907525,8,0,1.234535496014301,8,0,0.1565333048010815,8,Brazil,CAN,Ontario,N,,
2020-06-25 09:26:11,project_beta,18,6,2.5157542388352545,6,0,1.234538396,9,0,0.15653392,6,Brazil,BRA,Sao Paulo,N,,
2020-06-26 09:26:11,project_beta,35,9,3.380184779599068,3,0,1.2345366627706094,3,0,0.1565335527203466,3,Brazil,CAN,Ontario,N,,
2020-06-27 09:26:11,project_alpha,17,4,1.084278750770419,7,0,1.2345353218730284,7,0,0.1565332680457868,7,Canada,CAN,Ontario,N,,
2020-06-28 09:26:11,project_theta,26,3,2.6373060316387518,3,0,1.234536474221884,1,0,0.15653351207178326,1,Brazil,BRA,Ontario,Y,gcp,asia-east1
2020-06-29 09:26:11,project_delta,27,7,4.5,6,0,1.2345368995762247,6,0,0.1565336027793141,9,Taiwan,CAN,Ontario,N,,brazilsouth
2020-06-30 09:26:11,project_beta,12,7,2.6600189256346027,5,0,1.234535,1,0,0.1565332,1,Brazil,BRA,Sao Paulo,N,,brazilsouth
2020-07-01 09:26:11,project_gamma,22,6,1.6602460603515619,4,0,1.234535861116508,4,0,0.1565333822528353,4,USA,TWN,Ohio,N,,
2020-07-02 09:26:11,project_delta,44,9,4.489413535871849,9,0,1.2345364152358542,9,0,0.15653350033622493,9,Canada,CAN,Sao Paulo,N,,brazilsouth
2020-07-03 09:26:11,project_gamma,44,6,2.4191921726695713,3,0,1.2345378247790675,3,0,0.15653379875148782,3,Canada,TWN,Changhua County,N,,
2020-07-04 09:26:11,project_alpha,45,1,2.9282383946433996,2,0,1.2345381176921115,2,0,0.15653386084661167,2,Brazil,BRA,Sao Paulo,N,,asia-east1
2020-07-05 09:26:11,project_alpha,33,7,2.643011860907839,7,0,1.234535242907274,7,0,0.15653325146561556,7,Canada,TWN,Changhua County,N,,
2020-07-06 09:26:11,project_theta,42,6,4.027247458378582,7,0,1.234536868354252,7,0,0.1565335957075895,5,Canada,TWN,Changhua County,N,gcp,
2020-07-07 09:26:11,project_theta,32,8,4.5,9,0,1.2345382216795582,4,0,0.15653388313090957,9,Brazil,BRA,Sao Paulo,N,,brazilsouth
2020-07-08 09:26:11,project_theta,36,7,3.5341907320609987,6,0,1.23453631446839,6,0,0.15653347894915104,6,Brazil,BRA,Sao Paulo,N,,brazilsouth
2020-07-09 09:26:11,project_delta,48,5,1.9293645813556886,6,0,1.2345354267565707,9,0,0.1565332898465925,9,Canada,TWN,Changhua County,N,,asia-east1
2020-07-10 09:26:11,project_alpha,21,2,3.1481532635672593,9,0,1.2345359130011462,9,0,0.15653339341780745,9,Canada,TWN,Changhua County,N,,asia-east1
2020-07-11 09:26:11,project_gamma,46,9,0.603945799399745,7,0,1.2345358650154028,6,0,0.15653338335565878,6,USA,TWN,Ohio,N,,
2020-07-12 09:26:11,project_delta,35,9,0.5,7,0,1.234535370474734,7,0,0.15653327828381136,7,Taiwan,TWN,Changhua County,N,,asia-east1
2020-07-13 09:26:11,project_delta,43,7,3.244293696918521,7,0,1.2345370135663907,7,0,0.156533627123034,7,Taiwan,TWN,Ohio,N,,
2020-07-14 09:26:11,project_theta,17,7,0.8666860698096495,7,0,1.2345380878618235,5,0,0.15653385496288447,7,Canada,CAN,Ontario,N,,asia-east1
2020-07-15 09:26:11,project_delta,37,8,4.4610318736755605,5,0,1.2345379485302426,1,0,0.15653382506737468,5,Taiwan,TWN,Changhua County,N,,asia-east1
2020-07-16 09:26:11,project_theta,15,2,2.8319022015804545,5,0,1.2345376197072375,7,0,0.15653375509113873,5,Canada,BRA,Ontario,N,gcp,
2020-07-17 09:26:11,project_alpha,30,6,3.1589751155159225,7,0,1.2345356206848654,7,0,0.15653333204731934,6,Canada,CAN,Sao Paulo,N,,
2020-07-18 09:26:11,project_gamma,16,6,4.5,7,0,1.234535426383441,7,0,0.156533289966218,7,Taiwan,TWN,Changhua County,Y,,brazilsouth
2020-07-19 09:26:11,project_alpha,39,9,3.507829820363214,5,0,1.2345378010544343,5,0,0.15653379398323064,1,Taiwan,TWN,Changhua County,N,,asia-east1
2020-07-20 09:26:11,project_beta,28,7,3.953503726736905,5,0,1.2345378498634845,5,0,0.15653380396271344,5,Brazil,CAN,Ontario,N,gcp,brazilsouth
2020-07-21 09:26:11,project_gamma,39,7,1.5955755495004011,4,0,1.234535,9,0,0.1565332,9,USA,USA,Ohio,N,gcp,
2020-07-22 09:26:11,project_alpha,30,5,2.030512427804001,2,0,1.2345356891066896,2,0,0.1565333459817399,2,Canada,CAN,Ontario,Y,gcp,
2020-07-23 09:26:11,project_gamma,29,9,2.1632376715569084,8,0,1.234536624344456,8,0,0.15653354442237433,8,USA,USA,Ohio,N,,
2020-07-24 09:26:11,project_delta,37,7,1.4508660772763307,5,0,1.2345358136001452,1,0,0.15653337218801078,5,USA,USA,Ohio,Y,,
2020-07-25 09:26:11,project_alpha,18,8,3.816230009326212,1,0,1.2345351520417607,1,0,0.1565332324805518,1,Canada,CAN,Sao Paulo,N,,brazilsouth
2020-07-26 09:26:11,project_beta,31,9,4.103658073588958,4,0,1.2345377553843513,9,0,0.15653378400943277,4,Canada,BRA,Ontario,Y,,
2020-07-27 09:26:11,project_beta,18,6,4.5,2,0,1.2345366894915941,4,0,0.1565335581043348,2,Brazil,BRA,Sao Paulo,Y,gcp,brazilsouth
2020-07-28 09:26:11,project_theta,47,3,1.5866661954010404,7,0,1.2345364102802132,7,0,0.15653349921748552,7,Canada,CAN,Ontario,N,,
2020-07-29 09:26:11,project_beta,31,4,2.7674064834429166,9,0,1.2345360743099603,4,0,0.15653342771043863,9,Brazil,BRA,Sao Paulo,N,gcp,asia-east1
2020-07-30 09:26:11,project_alpha,41,9,1.4084125346190854,9,0,1.2345366132633357,6,0,0.1565335422146267,6,Taiwan,TWN,Changhua County,N,,
2020-07-31 09:26:11,project_delta,24,1,2.3983732205495905,4,0,1.234535,4,0,0.1565332,4,Canada,CAN,Ontario,N,,brazilsouth
2020-08-01 09:26:11,project_alpha,22,5,3.706784247128797,6,0,1.234538396,6,0,0.15653392,6,Taiwan,TWN,Changhua County,N,gcp,
2020-08-02 09:26:11,project_alpha,35,7,2.2714537264896473,4,0,1.234538396,9,0,0.15653392,4,Canada,CAN,Ontario,N,,
2020-08-03 09:26:11,project_gamma,17,9,1.8998404749202873,9,0,1.2345361952591976,6,0,0.1565334533819522,9,Taiwan,TWN,Changhua County,N,,asia-east1
2020-08-04 09:26:11,project_delta,41,5,0.5,3,0,1.234538396,3,0,0.15653392,3,USA,USA,Ohio,N,,
2020-08-05 09:26:11,project_alpha,29,2,2.8199239294311997,8,0,1.234535566726323,8,0,0.15653332013154386,8,Canada,CAN,Ontario,Y,gcp,brazilsouth
2020-08-06 09:26:11,project_theta,10,9,4.308036959292892,1,0,1.2345382653584258,5,0,0.15653389266299458,1,Canada,CAN,Ontario,N,,asia-east1
2020-08-07 09:26:11,project_beta,21,5,2.2117525737965917,1,0,1.2345359160014935,1,0,0.15653339392044904,1,Taiwan,CAN,Ontario,Y,gcp,
2020-08-08 09:26:11,project_delta,31,2,2.827611646351755,2,0,1.2345379548194013,2,0,0.15653382610195482,2,USA,USA,Ohio,N,,
2020-08-09 09:26:11,project_delta,35,4,1.6377403899074217,5,0,1.2345359612321913,5,0,0.15653340395101628,7,Taiwan,TWN,Ontario,N,,
2020-08-10 09:26:11,project_alpha,37,2,3.6051488355579244,5,0,1.2345363301774914,7,0,0.15653348152876934,7,Canada,CAN,Changhua County,N,,
2020-08-11 09:26:11,project_delta,18,9,1.2459425583321138,5,0,1.2345354763721794,1,0,0.15653330125588247,5,Canada,TWN,Changhua County,N,,
2020-08-12 09:26:11,project_beta,20,5,3.8549963957979356,5,0,1.2345381379099558,7,0,0.15653386504766323,7,Canada,CAN,Ontario,N,gcp,asia-east1
2020-08-13 09:26:11,project_gamma,46,2,1.9910742348139316,4,0,1.2345378197894235,4,0,0.15653379811432944,4,Canada,TWN,Changhua County,N,gcp,
2020-08-14 09:26:11,project_alpha,32,5,1.8436414913143269,8,0,1.2345356825810665,3,0,0.15653334460626264,3,Canada,CAN,Ontario,N,,
2020-08-15 09:26:11,project_gamma,21,1,4.37494903190706,7,0,1.2345361248325866,6,0,0.15653343860541727,7,Taiwan,CAN,Changhua County,N,,asia-east1
2020-08-16 09:26:11,project_theta,24,7,2.2830052772247016,3,0,1.2345378061571899,1,0,0.15653379476648005,1,Canada,BRA,Sao Paulo,N,,
2020-08-17 09:26:11,project_alpha,29,7,0.8099315355388919,7,0,1.2345361718794803,7,0,0.15653344861092314,5,Canada,CAN,Ontario,N,,asia-east1
2020-08-18 09:26:11,project_delta,37,7,1.3625258816587809,4,0,1.2345369081213167,2,0,0.1565336046651351,4,Canada,CAN,Ontario,N,,
2020-08-19 09:26:11,project_delta,30,5,1.3074829943938024,2,0,1.2345373310150836,2,0,0.1565336939441522,2,Canada,CAN,Ontario,N,gcp,
2020-08-20 09:26:11,project_alpha,26,9,4.115834628541364,5,0,1.234536208366312,5,0,0.15653345639759353,1,Canada,CAN,Ontario,N,,asia-east1
2020-08-21 09:26:11,project_gamma,42,3,3.294693608653986,4,0,1.234536583597411,2,0,0.1565335358961038,4,Taiwan,CAN,Ontario,N,,
2020-08-22 09:26:11,project_beta,20,4,1.1931432259546229,5,0,1.2345369416335368,7,0,0.15653361205479904,5,Brazil,CAN,Sao Paulo,Y,gcp,asia-east1
2020-08-23 09:26:11,project_delta,41,7,1.1043288640065325,5,0,1.2345374476127648,1,0,0.15653371877085467,1,Taiwan,TWN,Changhua County,N,,
2020-08-24 09:26:11,project_beta,25,4,2.4915911010734884,6,0,1.2345364773490022,6,0,0.15653351315239775,7,Canada,CAN,Ontario,N,,
2020-08-25 09:26:11,project_gamma,49,7,4.5,8,0,1.2345374245260403,8,0,0.15653371398891577,8,USA,USA,Ohio,N,,
2020-08-26 09:26:11,project_gamma,17,4,2.227917889643169,7,0,1.2345359311215434,7,0,0.15653339749518413,7,USA,USA,Ohio,N,,
2020-08-27 09:26:11,project_gamma,49,2,1.9816541286537341,7,0,1.234536745437232,7,0,0.1565335702946204,7,USA,USA,Ohio,Y,,
2020-08-28 09:26:11,project_alpha,42,2,0.5459694318923174,5,0,1.2345371638528468,5,0,0.15653365888206705,5,Canada,CAN,Ontario,N,,asia-east1
2020-08-29 09:26:11,project_theta,31,3,0.9994931931242641,3,0,1.234537518966216,8,0,0.15653373393124606,3,Canada,CAN,Ontario,N,,asia-east1
2020-08-30 09:26:11,project_theta,17,9,3.022620653076053,8,0,1.2345367075589864,8,0,0.1565335624246345,8,Canada,CAN,Ontario,N,,
2020-08-31 09:26:11,project_alpha,25,7,3.9049240696776346,5,0,1.2345375631693494,5,0,0.15653374352870603,5,Canada,CAN,Ontario,N,,
2020-09-01 09:26:11,project_delta,27,6,3.1295391694530816,6,0,1.2345354499206744,6,0,0.15653329523673054,6,Canada,CAN,Ontario,Y,,brazilsouth
2020-09-02 09:26:11,project_gamma,44,6,0.6293732801736374,7,0,1.2345373359233967,7,0,0.1565336955844774,7,USA,USA,Ohio,N,,
2020-09-03 09:26:11,project_theta,19,7,3.7367139512013674,7,0,1.234535,7,0,0.1565332,7,Canada,CAN,Ontario,N,,asia-east1
2020-09-04 09:26:11,project_delta,38,5,1.8095001763404759,9,0,1.234535357894521,9,0,0.15653327528763084,4,USA,TWN,Changhua County,Y,,asia-east1
2020-09-05 09:26:11,project_alpha,41,2,2.7650821518783295,8,0,1.2345382520267445,8,0,0.1565338898242794,8,Canada,CAN,Ontario,N,,asia-east1
2020-09-06 09:26:11,project_alpha,27,5,3.862583398153842,7,0,1.2345367303689452,5,0,0.15653356649679093,5,Canada,CAN,Ontario,N,,
2020-09-07 09:26:11,project_alpha,49,6,1.2675265882100202,4,0,1.2345357187988188,4,0,0.15653335210141148,4,Canada,CAN,Ontario,N,,
2020-09-08 09:26:11,project_delta,35,7,3.9987721685635598,6,0,1.2345356220188326,6,0,0.15653333139423223,6,Canada,CAN,Ontario,Y,,
2020-09-09 09:26:11,project_gamma,35,2,3.600266385069742,2,0,1.2345366223732568,2,0,0.15653354480838916,2,Canada,CAN,Ontario,N,,brazilsouth
2020-09-10 09:26:11,project_alpha,28,4,1.094906902862149,6,0,1.234537306797578,6,0,0.1565336891930549,9,Canada,CAN,Ontario,N,,
2020-09-11 09:26:11,project_delta,10,2,3.2622418251473935,7,0,1.2345362801110746,7,0,0.15653347144834262,7,Taiwan,USA,Changhua County,N,,
2020-09-12 09:26:11,project_beta,28,4,3.0388530013156063,6,0,1.234536657863257,6,0,0.1565335513161266,6,Brazil,BRA,Sao Paulo,N,,
2020-09-13 09:26:11,project_theta,30,9,2.506708102616101,6,0,1.2345365978899325,7,0,0.1565335392854877,6,Canada,CAN,Ontario,N,,
2020-09-14 09:26:11,project_delta,49,6,1.6792811763582352,4,0,1.234537536647612,9,0,0.15653373704179155,9,Canada,CAN,Ontario,N,,
2020-09-15 09:26:11,project_alpha,49,9,1.5693997736213345,2,0,1.234536098249184,2,0,0.15653343291583888,2,Canada,CAN,Ontario,N,,
2020-09-16 09:26:11,project_alpha,39,6,2.946486038838468,2,0,1.234536537243629,2,0,0.1565335260478333,2,Canada,CAN,Sao Paulo,Y,,brazilsouth
2020-09-17 09:26:11,project_gamma,33,8,4.067724503286266,1,0,1.2345371534944665,1,0,0.15653365671974634,1,Canada,CAN,Ontario,N,,brazilsouth
2020-09-18 09:26:11,project_gamma,25,5,2.249613124577206,9,0,1.2345366651026313,6,0,0.15653355292624316,9,USA,TWN,Ohio,N,,
2020-09-19 09:26:11,project_beta,19,7,1.1811669869987376,7,0,1.234537709927536,6,0,0.1565337746785024,6,Brazil,BRA,Ontario,N,,
2020-09-20 09:26:11,project_delta,35,5,3.684356305976242,7,0,1.2345383152305747,5,0,0.1565339025700432,5,USA,TWN,Ohio,Y,gcp,
2020-09-21 09:26:11,project_alpha,32,2,1.9884545979647874,9,0,1.2345373054590747,6,0,0.15653368929408415,6,Canada,CAN,Ontario,N,,
2020-09-22 09:26:11,project_gamma,27,2,3.686409505208125,9,0,1.234535868074273,4,0,0.1565333842076853,6,Taiwan,CAN,Changhua County,N,,
2020-09-23 09:26:11,project_gamma,38,7,1.353772358876504,4,0,1.2345366990043714,4,0,0.15653356016072897,4,Canada,CAN,Ontario,N,gcp,asia-east1
2020-09-24 09:26:11,project_alpha,15,1,1.3374193541151194,7,0,1.2345368208240601,7,0,0.1565335861769491,7,Canada,CAN,Ontario,N,,
2020-09-25 09:26:11,project_alpha,44,6,1.4306735585621808,2,0,1.2345369027025366,2,0,0.15653360370582908,2,Canada,TWN,Changhua County,N,,
2020-09-26 09:26:11,project_theta,33,1,4.5,6,0,1.2345368189677546,9,0,0.15653358616174448,6,Brazil,BRA,Sao Paulo,N,,asia-east1
2020-09-27 09:26:11,project_delta,33,7,3.8215186246618673,2,0,1.2345355380385132,2,0,0.15653331477521923,2,Taiwan,TWN,Changhua County,N,,
2020-09-28 09:26:11,project_alpha,32,9,2.984449173314864,9,0,1.2345356684480824,6,0,0.15653334148523512,9,Taiwan,TWN,Changhua County,N,,
2020-09-29 09:26:11,project_theta,23,4,1.8780659092287326,4,0,1.2345372180886276,4,0,0.15653367088260758,4,Taiwan,CAN,Changhua County,N,,
2020-09-30 09:26:11,project_gamma,44,7,3.467514145158158,5,0,1.2345368914663555,5,0,0.15653360139357142,5,USA,USA,Ohio,N,,
2020-10-01 09:26:11,project_alpha,17,6,3.27430883750206,1,0,1.2345354190394593,1,0,0.15653328824790033,1,Canada,CAN,Ontario,N,,asia-east1
2020-10-02 09:26:11,project_alpha,31,9,2.248561869987001,6,0,1.2345363703335361,6,0,0.15653349063637473,6,Canada,CAN,Ontario,Y,gcp,
2020-10-03 09:26:11,project_beta,30,1,2.89703344799918,8,0,1.2345368742320628,8,0,0.15653359757207555,8,Brazil,BRA,Sao Paulo,Y,,brazilsouth
2020-10-04 09:26:11,project_theta,38,9,3.61106505238224,6,0,1.2345367336576605,4,0,0.1565335674069313,6,Brazil,BRA,Sao Paulo,N,,
2020-10-05 09:26:11,project_gamma,49,2,4.5,9,0,1.234535068382205,6,0,0.1565332139897481,9,USA,USA,Ohio,Y,,
2020-10-06 09:26:11,project_alpha,22,6,3.0938484747312964,4,0,1.234536970636877,9,0,0.15653361776171912,4,Canada,CAN,Ontario,N,gcp,brazilsouth
2020-10-07 09:26:11,project_alpha,36,9,2.292120271971835,6,0,1.2345375639996699,9,0,0.15653374344856258,6,Canada,TWN,Ontario,N,gcp,asia-east1
2020-10-08 09:26:11,project_alpha,35,2,2.4333739140184756,6,0,1.2345381707363707,6,0,0.15653387191803594,6,Taiwan,CAN,Ontario,Y,gcp,brazilsouth
2020-10-09 09:26:11,project_beta,37,6,2.048909718823783,6,0,1.2345372278494697,6,0,0.15653367245012756,6,Brazil,BRA,Sao Paulo,Y,gcp,brazilsouth
2020-10-10 09:26:11,project_alpha,42,6,3.585086162640055,7,0,1.2345364339144544,7,0,0.1565335035367245,7,Canada,CAN,Ontario,N,,
2020-10-11 09:26:11,project_alpha,10,2,1.134114835949956,5,0,1.2345354626885805,5,0,0.15653329836558472,7,Canada,CAN,Ontario,Y,gcp,
2020-10-12 09:26:11,project_beta,20,9,1.9029005293925785,8,0,1.2345373136058033,8,0,0.15653369096759145,8,Canada,BRA,Sao Paulo,N,,asia-east1
2020-10-13 09:26:11,project_theta,38,1,4.285257524611542,1,0,1.2345358117453593,3,0,0.15653337227713177,3,Taiwan,TWN,Changhua County,N,,
2020-10-14 09:26:11,project_gamma,37,4,2.7922120586277512,9,0,1.2345360649263037,9,0,0.15653342581924543,9,USA,TWN,Ohio,N,,
2020-10-15 09:26:11,project_beta,28,4,3.2333200031791494,2,0,1.2345358034090212,2,0,0.15653337011567248,2,Canada,CAN,Ontario,Y,,
2020-10-16 09:26:11,project_alpha,32,6,2.375177551991583,6,0,1.2345369829447093,6,0,0.156533620644439,6,Taiwan,TWN,Ontario,Y,gcp,brazilsouth
2020-10-17 09:26:11,project_alpha,26,4,2.083193166088155,4,0,1.2345359776620648,4,0,0.15653340726322287,4,Brazil,BRA,Sao Paulo,Y,,brazilsouth
2020-10-18 09:26:11,project_gamma,33,4,0.5,7,0,1.234536837697282,7,0,0.15653358957804742,7,Taiwan,TWN,Changhua County,N,,
2020-10-19 09:26:11,project_alpha,48,4,3.266380363325259,4,0,1.2345370583664532,4,0,0.15653363691616143,4,Canada,CAN,Ontario,N,,
2020-10-20 09:26:11,project_beta,33,7,0.6315180623888446,5,0,1.2345363663107776,5,0,0.156533490137984,1,Brazil,CAN,Ontario,N,,
2020-10-21 09:26:11,project_delta,38,9,1.1159829105067351,9,0,1.234536726936738,6,0,0.15653356579406816,6,USA,USA,Ohio,N,,
2020-10-22 09:26:11,project_delta,44,2,4.268270669312598,1,0,1.2345360249809079,1,0,0.15653341743537924,1,Taiwan,CAN,Ontario,N,,
2020-10-23 09:26:11,project_alpha,27,9,2.806941863678423,3,0,1.2345375185399567,1,0,0.15653373411018248,3,Canada,CAN,Ontario,N,,
2020-10-24 09:26:11,project_delta,33,1,4.353214800409291,1,0,1.2345366871258758,1,0,0.15653355753777753,1,Taiwan,TWN,Changhua County,N,,
2020-10-25 09:26:11,project_alpha,22,1,1.4241102666861365,6,0,1.2345361027053452,6,0,0.15653343360374983,6,Canada,CAN,Ontario,N,,
2020-10-26 09:26:11,project_alpha,22,9,2.602822126977707,6,0,1.234537335244475,4,0,0.15653369529329378,9,Brazil,CAN,Sao Paulo,N,,
2020-10-27 09:26:11,project_delta,19,4,1.6362051951883543,4,0,1.234536462722036,4,0,0.15653351021099962,4,USA,USA,Ohio,Y,gcp,brazilsouth
2020-10-28 09:26:11,project_alpha,34,9,3.595257486946566,5,0,1.2345374401526745,7,0,0.15653371741599337,5,Canada,CAN,Ontario,N,,asia-east1
2020-10-29 09:26:11,project_gamma,33,7,4.021486096852983,6,0,1.2345352048049114,6,0,0.15653324283309375,6,USA,USA,Changhua County,N,,brazilsouth
2020-10-30 09:26:11,project_delta,16,9,1.6319564719658741,9,0,1.234537423269839,9,0,0.15653371367489866,9,Taiwan,TWN,Changhua County,N,,
2020-10-31 09:26:11,project_alpha,41,1,2.3098726680239645,3,0,1.2345368612409071,3,0,0.15653359488641813,3,Canada,CAN,Ontario,N,,brazilsouth
2020-11-01 09:26:11,project_beta,11,4,3.2912770813702505,8,0,1.2345375460983867,8,0,0.15653373979328242,8,Canada,CAN,Ontario,N,,asia-east1
2020-11-02 09:26:11,project_alpha,40,9,2.782307708918635,6,0,1.234536467654598,6,0,0.15653351110077862,7,Taiwan,CAN,Ontario,N,,
2020-11-03 09:26:11,project_gamma,36,9,2.9882814841106864,2,0,1.2345355954712034,4,0,0.15653332646683327,2,USA,USA,Ohio,N,,
2020-11-04 09:26:11,project_theta,38,7,1.2920112877540124,6,0,1.2345363330748567,7,0,0.15653348247310825,6,Canada,CAN,Ontario,N,,
2020-11-05 09:26:11,project_theta,49,6,2.573977504951546,2,0,1.2345365515319395,2,0,0.15653352929799874,2,Brazil,BRA,Sao Paulo,N,,
2020-11-06 09:26:11,project_theta,33,6,1.4131333399652701,7,0,1.2345358718693484,7,0,0.15653338507403447,7,Canada,CAN,Ontario,N,,
2020-11-07 09:26:11,project_delta,49,7,2.7208403896212525,9,0,1.2345351902066282,4,0,0.1565332406411073,9,Canada,CAN,Ontario,N,,asia-east1
2020-11-08 09:26:11,project_alpha,29,2,4.47650503920699,5,0,1.2345379757689998,5,0,0.15653383120608874,5,Taiwan,CAN,Changhua County,N,,
2020-11-09 09:26:11,project_beta,45,7,3.3818822768886654,7,0,1.2345382106590648,7,0,0.15653388101147803,7,Brazil,CAN,Sao Paulo,N,,
2020-11-10 09:26:11,project_delta,42,9,3.1702787638621324,6,0,1.2345366597035985,6,0,0.15653355169139618,6,Canada,TWN,Ontario,N,,
2020-11-11 09:26:11,project_alpha,18,4,2.546344414069506,8,0,1.234537973783572,1,0,0.15653383041781088,3,Taiwan,CAN,Changhua County,N,gcp,
2020-11-12 09:26:11,project_beta,10,2,2.5193172200071148,5,0,1.2345372426905485,1,0,0.15653367539932245,5,Taiwan,TWN,Ontario,Y,gcp,brazilsouth
2020-11-13 09:26:11,project_alpha,32,7,3.9331753371566096,8,0,1.234538396,8,0,0.15653392,8,Canada,CAN,Changhua County,N,,
2020-11-14 09:26:11,project_alpha,39,7,2.6911588028760467,1,0,1.2345376997013993,1,0,0.15653377287104991,1,Canada,CAN,Ontario,N,,
2020-11-15 09:26:11,project_theta,38,9,2.7892971540252356,1,0,1.2345360726675771,1,0,0.15653342716871896,1,Taiwan,TWN,Changhua County,N,,asia-east1
2020-11-16 09:26:11,project_alpha,46,5,3.0800477102102652,6,0,1.23453772467652,6,0,0.15653377815282793,6,Taiwan,CAN,Ontario,N,,asia-east1
2020-11-17 09:26:11,project_theta,21,2,0.6995553729956556,8,0,1.234538396,8,0,0.15653392,8,Brazil,BRA,Ontario,N,,asia-east1
2020-11-18 09:26:11,project_theta,36,9,3.4169728247787985,4,0,1.2345350872351062,4,0,0.15653321855500008,4,Canada,CAN,Ontario,Y,,brazilsouth
2020-11-19 09:26:11,project_delta,37,2,2.1456793147358733,6,0,1.2345376365954615,6,0,0.15653375914534706,6,Canada,CAN,Ontario,N,,asia-east1
2020-11-20 09:26:11,project_alpha,11,3,2.5118454375448627,6,0,1.2345354200459437,7,0,0.15653328907660446,7,USA,TWN,Changhua County,N,,
2020-11-21 09:26:11,project_beta,18,6,2.6013589783169375,3,0,1.2345357321676658,1,0,0.15653335520231587,3,Canada,CAN,Ontario,N,,
2020-11-22 09:26:11,project_theta,21,2,1.2772814040974376,4,0,1.23453638613173,4,0,0.15653349332380131,4,Canada,CAN,Ontario,N,gcp,brazilsouth
2020-11-23 09:26:11,project_alpha,27,6,1.3439235417042863,1,0,1.2345383377108177,5,0,0.15653390796363095,5,Canada,CAN,Ontario,N,,
2020-11-24 09:26:11,project_alpha,29,4,1.7563232635360095,4,0,1.2345361782929325,4,0,0.15653344996901142,4,Canada,BRA,Ontario,N,,
2020-11-25 09:26:11,project_delta,23,2,3.889197666880751,4,0,1.2345368456627843,9,0,0.1565335910915941,4,Canada,TWN,Changhua County,N,,
2020-11-26 09:26:11,project_delta,19,9,1.7878167759821628,2,0,1.234535,2,0,0.1565332,2,Taiwan,TWN,Changhua County,N,,asia-east1
2020-11-27 09:26:11,project_alpha,30,9,4.421721471127918,5,0,1.2345352667888532,5,0,0.15653325617225788,5,Canada,CAN,Ontario,Y,,
2020-11-28 09:26:11,project_theta,40,4,2.1747274181402974,4,0,1.234537321503925,4,0,0.1565336923161737,4,Canada,CAN,Sao Paulo,N,,
2020-11-29 09:26:11,project_beta,39,9,1.0654941453739566,4,0,1.234535510175633,4,0,0.15653330793538972,4,Brazil,BRA,Sao Paulo,Y,,asia-east1
2020-11-30 09:26:11,project_theta,19,7,2.6684607548103996,6,0,1.2345366019421449,6,0,0.15653353989770458,6,Canada,CAN,Changhua County,N,,
2020-12-01 09:26:11,project_alpha,42,4,1.8478702143509809,9,0,1.2345357579811616,9,0,0.15653336041091145,9,Canada,CAN,Ontario,N,,asia-east1
2020-12-02 09:26:11,project_theta,21,7,3.619613875622161,1,0,1.2345354774106505,1,0,0.1565333013109382,1,Brazil,BRA,Sao Paulo,N,,asia-east1
2020-12-03 09:26:11,project_beta,21,7,4.5,5,0,1.2345355299092051,7,0,0.1565333125905616,5,Brazil,BRA,Sao Paulo,N,,brazilsouth
2020-12-04 09:26:11,project_theta,35,9,1.3151691458863208,6,0,1.2345359038029164,6,0,0.15653339158002666,6,Brazil,BRA,Sao Paulo,N,,brazilsouth
2020-12-05 09:26:11,project_beta,10,4,1.6364849526445493,4,0,1.2345368739411173,4,0,0.15653359704870062,4,Brazil,BRA,Sao Paulo,N,,
2020-12-06 09:26:11,project_beta,35,9,2.6456170028347166,6,0,1.2345356199543118,6,0,0.1565333311222799,6,Brazil,BRA,Sao Paulo,N,,
2020-12-07 09:26:11,project_gamma,41,8,4.368421578987659,1,0,1.234536974947358,1,0,0.1565336187612209,1,USA,TWN,Ohio,N,,
2020-12-08 09:26:11,project_alpha,43,8,4.378171667023977,7,0,1.234535685737199,5,0,0.15653334483977543,7,Canada,TWN,Ontario,N,,
2020-12-09 09:26:11,project_alpha,30,9,3.767793153326853,7,0,1.2345382293661196,7,0,0.1565338851056575,6,Taiwan,TWN,Ontario,N,,asia-east1
2020-12-10 09:26:11,project_gamma,28,9,2.9138266674739395,6,0,1.2345353902002432,6,0,0.1565332826519387,6,Taiwan,TWN,Changhua County,Y,gcp,brazilsouth
2020-12-11 09:26:11,project_beta,28,2,1.2851204158723435,5,0,1.2345357728051334,5,0,0.1565333637082911,5,Canada,BRA,Sao Paulo,N,,asia-east1
2020-12-12 09:26:11,project_gamma,40,9,3.5564303104237562,2,0,1.2345369477873267,2,0,0.1565336126034893,2,USA,TWN,Ontario,N,,
2020-12-13 09:26:11,project_theta,13,3,0.5,1,0,1.2345368166770438,1,0,0.1565335853180575,1,Canada,CAN,Ontario,N,,asia-east1
2020-12-14 09:26:11,project_theta,49,5,1.9905566379489974,4,0,1.2345376003611275,2,0,0.15653375161177702,2,Brazil,BRA,Sao Paulo,N,,
2020-12-15 09:26:11,project_delta,29,7,1.459471825159622,5,0,1.2345362550830672,5,0,0.156533466312718,5,Taiwan,USA,Changhua County,Y,,
2020-12-16 09:26:11,project_beta,33,6,2.6167607446333343,7,0,1.2345359213551952,7,0,0.1565333953825675,5,Brazil,BRA,Sao Paulo,N,,
2020-12-17 09:26:11,project_alpha,38,7,1.1670022479786888,1,0,1.2345363294525489,1,0,0.1565334814590888,1,Canada,CAN,Ontario,N,,brazilsouth
2020-12-18 09:26:11,project_theta,33,9,2.26503302025962,1,0,1.2345351740500012,1,0,0.1565332375749396,5,Canada,CAN,Sao Paulo,N,,
2020-12-19 09:26:11,project_gamma,22,8,3.2873451094118242,8,0,1.2345370476029647,8,0,0.15653363426811515,8,USA,USA,Ohio,N,,
2020-12-20 09:26:11,project_alpha,18,9,2.896569446500524,3,0,1.2345373971343303,3,0,0.15653370857265853,8,Taiwan,CAN,Changhua County,Y,gcp,
2020-12-21 09:26:11,project_alpha,35,7,1.3237907226880898,8,0,1.2345365782667774,8,0,0.15653353474605422,8,Canada,TWN,Ontario,N,,asia-east1
2020-12-22 09:26:11,project_delta,33,1,4.099529562587302,7,0,1.234536094140867,7,0,0.15653343160837965,6,Taiwan,USA,Changhua County,N,,
2020-12-23 09:26:11,project_theta,20,6,3.26270765559981,3,0,1.2345372661318037,1,0,0.15653368092645542,1,Canada,CAN,Ontario,N,,
2020-12-24 09:26:11,project_theta,16,2,0.9597566536272097,7,0,1.2345372989596435,7,0,0.15653368695874417,7,Canada,CAN,Changhua County,N,gcp,brazilsouth
2020-12-25 09:26:11,project_delta,40,2,3.441655606712941,7,0,1.2345368109997341,7,0,0.15653358383931593,6,Taiwan,CAN,Changhua County,Y,gcp,brazilsouth
2020-12-26 09:26:11,project_delta,35,9,2.8824530682946916,4,0,1.2345371202092994,4,0,0.15653364954641294,2,Canada,CAN,Ontario,N,,
2020-12-27 09:26:11,project_beta,21,5,1.628513985263957,9,0,1.2345361923027693,9,0,0.1565334529955658,6,Brazil,BRA,Sao Paulo,N,,
2020-12-28 09:26:11,project_alpha,32,6,2.3936826910343694,9,0,1.234537297457826,4,0,0.1565336869274222,4,Canada,CAN,Ontario,N,,
2020-12-29 09:26:11,project_alpha,37,4,1.8702389326601878,6,0,1.2345376660672882,9,0,0.1565337657864385,6,Canada,CAN,Ontario,N,,
2020-12-30 09:26:11,project_alpha,49,7,1.4745525687249643,5,0,1.2345371948340822,5,0,0.15653366548625727,5,Canada,CAN,Ontario,N,,
2020-12-31 09:26:11,project_delta,26,7,2.018003890355837,6,0,1.2345378527453064,6,0,0.15653380436183492,6,Taiwan,CAN,Changhua County,N,,
2021-01-01 09:26:11,project_alpha,43,2,3.9713743986604695,9,0,1.2345369044915753,4,0,0.15653360381026477,4,Taiwan,CAN,Changhua County,N,,
2021-01-02 09:26:11,project_gamma,26,9,4.131750818850589,3,0,1.2345360752715122,1,0,0.1565334276220069,1,USA,USA,Changhua County,N,,
2021-01-03 09:26:11,project_delta,39,8,4.5,2,0,1.2345381516684042,2,0,0.15653386845458844,2,Canada,TWN,Ontario,N,,
2021-01-04 09:26:11,project_gamma,32,4,1.3585556888558121,4,0,1.2345371638614029,9,0,0.15653365928254576,9,USA,USA,Ohio,N,,
2021-01-05 09:26:11,project_delta,28,5,4.019644680449965,4,0,1.234535079462696,9,0,0.15653321682217644,4,Taiwan,TWN,Ohio,N,,
2021-01-06 09:26:11,project_alpha,28,9,2.960932462414683,5,0,1.2345356666806397,5,0,0.15653334155681697,1,Canada,CAN,Ontario,N,,
2021-01-07 09:26:11,project_delta,49,9,2.2346182644806385,4,0,1.2345357027171944,4,0,0.15653334867302812,4,USA,TWN,Ohio,N,,
2021-01-08 09:26:11,project_beta,49,9,2.633149452081686,9,0,1.234536321095629,9,0,0.15653348019441088,6,Brazil,BRA,Sao Paulo,N,,
2021-01-09 09:26:11,project_alpha,10,1,4.5,3,0,1.2345354401743394,1,0,0.15653329377038894,1,Brazil,BRA,Sao Paulo,N,gcp,brazilsouth
2021-01-10 09:26:11,project_alpha,36,4,1.4311660846204506,6,0,1.2345382655278878,6,0,0.1565338925540798,6,Taiwan,TWN,Changhua County,N,,
2021-01-11 09:26:11,project_alpha,37,2,3.546601848690492,6,0,1.2345373591616164,7,0,0.15653370064987077,6,Taiwan,TWN,Changhua County,N,,
2021-01-12 09:26:11,project_gamma,36,4,1.4175028492739083,5,0,1.2345373369260955,5,0,0.15653369599991335,5,USA,USA,Ohio,N,gcp,
2021-01-13 09:26:11,project_gamma,49,8,2.5785766850489455,7,0,1.2345360698813648,7,0,0.1565334270925073,7,USA,USA,Ohio,N,,
2021-01-14 09:26:11,project_alpha,47,6,3.3509543704742355,3,0,1.2345381182792146,3,0,0.1565338612614218,8,Taiwan,TWN,Changhua County,N,,
2021-01-15 09:26:11,project_delta,29,2,2.0757784455617623,3,0,1.2345364700890253,1,0,0.1565335114548571,3,Taiwan,TWN,Changhua County,N,,
2021-01-16 09:26:11,project_theta,13,4,4.5,2,0,1.2345371082199184,4,0,0.1565336470893591,4,Canada,BRA,Ontario,N,,asia-east1
2021-01-17 09:26:11,project_beta,36,6,2.9509402604051655,4,0,1.2345358668408353,4,0,0.15653338373355943,4,Brazil,BRA,Sao Paulo,N,,asia-east1
2021-01-18 09:26:11,project_gamma,48,8,3.9326127661587087,9,0,1.2345373505199089,4,0,0.15653369813064313,4,USA,USA,Ohio,Y,,
2021-01-19 09:26:11,project_theta,10,8,1.972238656415305,8,0,1.234535,8,0,0.1565332,8,Canada,CAN,Ontario,N,,asia-east1
2021-01-20 09:26:11,project_gamma,11,7,3.357811583795329,1,0,1.2345363465903212,3,0,0.1565334854105972,3,USA,USA,Changhua County,N,,
2021-01-21 09:26:11,project_alpha,33,4,0.5,2,0,1.2345374524628594,2,0,0.15653371997299947,2,Canada,CAN,Ontario,N,,asia-east1
2021-01-22 09:26:11,project_alpha,43,9,3.157989592869628,4,0,1.234536357844763,4,0,0.15653348837729228,2,Taiwan,TWN,Changhua County,Y,,
2021-01-23 09:26:11,project_delta,36,8,2.5639588819548327,5,0,1.2345358213521562,1,0,0.15653337363735706,5,USA,USA,Ohio,N,gcp,
2021-01-24 09:26:11,project_alpha,29,8,2.322734908850549,5,0,1.2345374955115223,1,0,0.15653372911421765,5,Taiwan,TWN,Changhua County,Y,,
2021-01-25 09:26:11,project_beta,45,9,0.5,9,0,1.2345370386699899,9,0,0.1565336320810361,9,Brazil,BRA,Sao Paulo,N,,
2021-01-26 09:26:11,project_theta,49,8,0.5,8,0,1.234537325706172,8,0,0.1565336929554491,8,Brazil,CAN,Ontario,N,,
2021-01-27 09:26:11,project_gamma,40,9,3.79600856644269,9,0,1.234536301666774,4,0,0.15653347598259276,4,USA,USA,Changhua County,N,gcp,asia-east1
2021-01-28 09:26:11,project_theta,30,6,2.483277003631622,4,0,1.2345358368926327,4,0,0.15653337760628003,4,Canada,CAN,Ontario,N,,asia-east1
2021-01-29 09:26:11,project_alpha,35,9,1.638138711584351,5,0,1.2345363730194727,5,0,0.15653349109986953,7,Taiwan,CAN,Ontario,N,,
2021-01-30 09:26:11,project_gamma,44,7,4.5,2,0,1.234536089160572,2,0,0.1565334307227904,2,Canada,CAN,Ontario,N,,
2021-01-31 09:26:11,project_gamma,34,7,2.805170966663071,5,0,1.2345360679706754,7,0,0.15653342663688302,5,Taiwan,TWN,Ontario,N,,
2021-02-01 09:26:11,project_theta,33,9,1.3211476432131515,6,0,1.234538396,6,0,0.15653392,6,Brazil,BRA,Sao Paulo,N,,
2021-02-02 09:26:11,project_alpha,43,2,0.8568852032525782,6,0,1.2345383268219348,6,0,0.15653390543105622,6,Taiwan,CAN,Ontario,N,,
2021-02-03 09:26:11,project_gamma,40,2,3.4939486767884285,6,0,1.234535,6,0,0.1565332,6,Taiwan,TWN,Ohio,N,gcp,asia-east1
2021-02-04 09:26:11,project_delta,27,9,4.187371842593622,9,0,1.2345363944381897,9,0,0.1565334960890234,4,Taiwan,TWN,Changhua County,N,,
2021-02-05 09:26:11,project_alpha,23,3,4.0538614533616295,2,0,1.2345380532708117,2,0,0.15653384744940366,2,Canada,TWN,Ontario,N,,
2021-02-06 09:26:11,project_gamma,34,7,1.5782929432837938,6,0,1.234536301440115,6,0,0.156533475942955,6,USA,USA,Ohio,N,,
2021-02-07 09:26:11,project_delta,33,7,2.515747923868468,8,0,1.2345376522013871,8,0,0.15653376215246106,8,Taiwan,TWN,Changhua County,N,,
2021-02-08 09:26:11,project_beta,35,4,3.908863364503974,9,0,1.2345367967444847,9,0,0.1565335812508584,6,Brazil,BRA,Sao Paulo,N,,
2021-02-09 09:26:11,project_beta,19,6,4.5,1,0,1.2345373454725859,1,0,0.15653369733492228,1,Canada,BRA,Ontario,N,,asia-east1
2021-02-10 09:26:11,project_delta,16,7,3.9687671884630884,5,0,1.234535331771592,1,0,0.15653326991130642,1,Canada,CAN,Changhua County,N,,asia-east1
2021-02-11 09:26:11,project_alpha,32,9,3.478901960158702,2,0,1.2345358050939441,2,0,0.15653337109919685,2,Taiwan,CAN,Ontario,N,,
2021-02-12 09:26:11,project_alpha,24,7,4.26832494503346,7,0,1.234536211224109,7,0,0.1565334568712911,7,Canada,CAN,Ontario,N,,brazilsouth
2021-02-13 09:26:11,project_theta,33,6,4.5,6,0,1.2345354585936135,6,0,0.15653329754749604,6,Canada,CAN,Ontario,N,,
2021-02-14 09:26:11,project_gamma,49,6,4.289542461142907,2,0,1.2345371994794223,2,0,0.15653366669144758,2,USA,TWN,Ohio,N,,asia-east1
2021-02-15 09:26:11,project_theta,29,2,1.3237394981094888,6,0,1.2345354474840362,6,0,0.15653329542457775,6,Taiwan,TWN,Changhua County,N,,
2021-02-16 09:26:11,project_delta,26,7,3.231914932632,5,0,1.234536502886785,7,0,0.15653351872746196,7,USA,TWN,Ohio,N,,
2021-02-17 09:26:11,project_delta,49,4,1.4791033680120227,6,0,1.2345376363435672,6,0,0.15653375938473774,6,USA,USA,Ohio,N,,
2021-02-18 09:26:11,project_theta,10,9,2.327841637632235,6,0,1.2345351359574492,9,0,0.15653322938216513,9,Brazil,CAN,Ontario,N,,
2021-02-19 09:26:11,project_delta,18,5,1.208660706245458,9,0,1.234537743788032,4,0,0.15653378203499194,9,Taiwan,TWN,Changhua County,N,,
2021-02-20 09:26:11,project_alpha,18,2,2.3686892190794064,2,0,1.234535396893233,2,0,0.15653328403209718,2,Canada,CAN,Ontario,N,,
2021-02-21 09:26:11,project_delta,49,5,1.6144949999942617,1,0,1.234538396,1,0,0.15653392,1,Taiwan,USA,Ohio,N,,
2021-02-22 09:26:11,project_delta,37,8,2.7154977080119624,1,0,1.234536088522152,3,0,0.15653343043831325,3,Taiwan,USA,Changhua County,N,,asia-east1
2021-02-23 09:26:11,project_theta,37,9,3.446493196091036,8,0,1.2345363989496723,8,0,0.1565334962585007,8,Canada,TWN,Ontario,N,,
2021-02-24 09:26:11,project_delta,41,8,2.1196806261582735,3,0,1.234537409293142,3,0,0.15653371069855493,3,Canada,TWN,Changhua County,N,,
2021-02-25 09:26:11,project_gamma,17,5,1.5541935006435617,7,0,1.234537005306752,7,0,0.1565336256943794,7,USA,USA,Ohio,N,,
2021-02-26 09:26:11,project_gamma,47,8,2.439681799184524,8,0,1.234537335125203,3,0,0.15653369551030438,8,USA,USA,Ohio,N,gcp,
2021-02-27 09:26:11,project_theta,43,4,0.5,6,0,1.234535,6,0,0.1565332,9,Canada,CAN,Ontario,N,,
2021-02-28 09:26:11,project_alpha,25,6,3.3753363732010815,9,0,1.2345364036662463,4,0,0.15653349747061485,6,Canada,CAN,Ontario,N,,
2021-03-01 09:26:11,project_theta,37,6,2.5520837014373834,6,0,1.23453529468372,9,0,0.156533262676138,9,Canada,CAN,Ontario,N,,brazilsouth
2021-03-02 09:26:11,project_beta,20,8,2.4463542768703874,3,0,1.2345356368211617,1,0,0.15653333504836575,3,Brazil,BRA,Ontario,N,,asia-east1
2021-03-03 09:26:11,project_delta,32,1,2.5936325335946053,1,0,1.2345373664494048,1,0,0.15653370199167538,1,Taiwan,TWN,Changhua County,N,,asia-east1
2021-03-04 09:26:11,project_alpha,35,9,2.345800297329797,5,0,1.234536747087826,1,0,0.1565335704414081,5,Canada,CAN,Ontario,N,,
2021-03-05 09:26:11,project_alpha,47,5,2.182372294065745,6,0,1.234536444280412,6,0,0.15653350627204105,6,Canada,CAN,Ontario,Y,gcp,asia-east1
2021-03-06 09:26:11,project_theta,31,2,0.5,6,0,1.2345363902317645,7,0,0.15653349450662252,7,Brazil,CAN,Ontario,N,,asia-east1
2021-03-07 09:26:11,project_theta,36,7,2.118256836875159,4,0,1.2345357199977858,4,0,0.15653335274759114,4,Canada,CAN,Ontario,N,,
2021-03-08 09:26:11,project_alpha,36,9,1.5339704500753297,6,0,1.2345366918609546,7,0,0.15653355903778132,7,Taiwan,CAN,Ontario,N,,
2021-03-09 09:26:11,project_theta,47,9,2.958862721478281,6,0,1.2345362459306146,9,0,0.15653346390314668,9,Canada,CAN,Ontario,N,,
2021-03-10 09:26:11,project_theta,18,8,4.116520295054666,6,0,1.2345352218055468,6,0,0.15653324731509508,6,Canada,CAN,Ontario,N,,brazilsouth
2021-03-11 09:26:11,project_delta,17,9,2.9378162976261195,7,0,1.2345374027163851,7,0,0.15653370965009275,6,Canada,TWN,Ontario,N,,asia-east1
2021-03-12 09:26:11,project_delta,20,6,4.5,6,0,1.2345377572924754,7,0,0.15653378452181674,6,Taiwan,TWN,Ontario,N,,asia-east1
2021-03-13 09:26:11,project_theta,36,5,3.6921530757821586,4,0,1.234537487381471,2,0,0.15653372757500872,4,Canada,CAN,Ontario,N,,asia-east1
2021-03-14 09:26:11,project_alpha,28,6,3.1612664983289083,5,0,1.2345370040555725,5,0,0.15653362457144498,5,Taiwan,CAN,Ontario,N,,
2021-03-15 09:26:11,project_delta,41,2,2.253681915435099,6,0,1.2345383428361598,6,0,0.15653390869790854,6,USA,USA,Ohio,N,,
2021-03-16 09:26:11,project_delta,34,6,4.5,4,0,1.2345365621795887,4,0,0.1565335320471895,4,Taiwan,TWN,Ontario,Y,,asia-east1
2021-03-17 09:26:11,project_theta,23,3,4.184986730013895,6,0,1.2345352595386099,6,0,0.15653325473614746,7,Canada,CAN,Ontario,N,,
2021-03-18 09:26:11,project_alpha,36,9,4.5,4,0,1.2345358471062815,4,0,0.15653337960473718,4,Taiwan,CAN,Ontario,N,,asia-east1
2021-03-19 09:26:11,project_delta,25,4,4.3091770888746215,3,0,1.2345365557814396,3,0,0.1565335297849455,8,USA,USA,Ohio,N,,
2021-03-20 09:26:11,project_delta,35,8,4.5,4,0,1.2345357921528048,9,0,0.15653336760207226,4,Canada,CAN,Ontario,Y,,asia-east1
2021-03-21 09:26:11,project_gamma,37,5,2.4676643970242385,4,0,1.2345379647950658,9,0,0.15653382888181278,9,USA,TWN,Ohio,N,,
2021-03-22 09:26:11,project_beta,36,8,0.7081665458465813,7,0,1.2345367141851915,7,0,0.15653356317131806,5,Brazil,BRA,Sao Paulo,N,,asia-east1
2021-03-23 09:26:11,project_delta,39,6,2.6927233503820394,5,0,1.2345370814359822,7,0,0.15653364066461675,7,Taiwan,CAN,Ontario,N,,
2021-03-24 09:26:11,project_theta,23,7,4.276278608460158,4,0,1.2345365427320971,4,0,0.1565335273604607,4,Canada,CAN,Ontario,N,,asia-east1
2021-03-25 09:26:11,project_alpha,26,6,0.5151594977393055,6,0,1.2345374795461048,7,0,0.1565337257009037,7,Canada,TWN,Changhua County,N,,
2021-03-26 09:26:11,project_theta,26,9,3.6065904461608222,4,0,1.234535934287484,4,0,0.1565333980914037,4,Canada,CAN,Ontario,N,,
2021-03-27 09:26:11,project_theta,10,6,4.069193097314479,6,0,1.234536734027483,9,0,0.15653356840639765,9,Brazil,BRA,Sao Paulo,N,,
2021-03-28 09:26:11,project_delta,10,9,1.5074904617667881,7,0,1.234536918006479,5,0,0.15653360687150594,5,Canada,CAN,Changhua County,Y,gcp,brazilsouth
2021-03-29 09:26:11,project_delta,23,4,1.9228817118961299,5,0,1.2345369740231256,5,0,0.1565336185551595,5,Canada,USA,Changhua County,N,,
2021-03-30 09:26:11,project_theta,42,1,4.5,3,0,1.234537620875349,3,0,0.15653375564172306,3,Canada,CAN,Ontario,N,,
2021-03-31 09:26:11,project_alpha,27,5,2.9375457355684462,9,0,1.234537258165853,4,0,0.15653367892865694,4,Canada,TWN,Ontario,N,,
2021-04-01 09:26:11,project_gamma,32,9,4.5,9,0,1.2345355158747042,9,0,0.15653330894147194,9,USA,USA,Changhua County,N,,
2021-04-02 09:26:11,project_delta,35,9,2.3651619202861616,8,0,1.234538396,8,0,0.15653392,8,USA,USA,Ohio,N,,
2021-04-03 09:26:11,project_gamma,43,6,0.5786396359758563,6,0,1.2345372246069872,9,0,0.15653367209722155,6,Taiwan,USA,Ohio,N,,
2021-04-04 09:26:11,project_delta,13,5,1.9485519874357498,4,0,1.234535,4,0,0.1565332,9,Taiwan,CAN,Ontario,Y,,asia-east1
2021-04-05 09:26:11,project_alpha,10,6,3.338837105485303,7,0,1.234536215209134,6,0,0.15653345786376952,7,Canada,CAN,Ontario,N,gcp,
2021-04-06 09:26:11,project_beta,34,6,0.6551255973342651,3,0,1.234535689355462,1,0,0.15653334647837236,8,Brazil,CAN,Ontario,N,,
2021-04-07 09:26:11,project_alpha,38,5,2.5286619638654733,5,0,1.234537078575754,5,0,0.15653364074899628,5,Canada,CAN,Ontario,N,,
2021-04-08 09:26:11,project_delta,22,2,3.064476196262652,5,0,1.2345360121101694,1,0,0.15653341508607294,5,Taiwan,USA,Changhua County,N,,
2021-04-09 09:26:11,project_beta,23,8,0.8640985723928987,7,0,1.2345353545579882,7,0,0.15653327561140784,7,Brazil,BRA,Sao Paulo,N,,asia-east1
2021-04-10 09:26:11,project_gamma,30,8,4.5,3,0,1.234535677111607,3,0,0.1565333433189801,3,USA,USA,Ohio,N,,
2021-04-11 09:26:11,project_theta,45,4,1.7445682761426102,6,0,1.234538396,6,0,0.15653392,6,Canada,BRA,Ontario,N,,asia-east1
2021-04-12 09:26:11,project_alpha,38,8,3.8641833829940255,6,0,1.2345368926249298,6,0,0.15653360162817834,6,Canada,CAN,Ontario,N,,
2021-04-13 09:26:11,project_theta,10,4,0.5,6,0,1.2345378276470251,6,0,0.15653379963903022,6,Brazil,BRA,Sao Paulo,N,gcp,brazilsouth
2021-04-14 09:26:11,project_gamma,20,6,2.779021165892438,7,0,1.2345372861052923,7,0,0.15653368440153206,7,USA,USA,Ohio,Y,gcp,
2021-04-15 09:26:11,project_theta,29,7,2.160789532310138,3,0,1.2345366769545736,1,0,0.1565335558374562,3,Canada,CAN,Ontario,N,,
2021-04-16 09:26:11,project_gamma,47,2,2.1276428891465784,1,0,1.2345380736922775,1,0,0.15653385199363343,1,Taiwan,CAN,Ontario,N,,
2021-04-17 09:26:11,project_theta,22,5,2.834159929511061,7,0,1.234537124198497,6,0,0.15653365084440848,6,Taiwan,TWN,Ontario,N,gcp,asia-east1
2021-04-18 09:26:11,project_delta,24,6,2.313875712124915,2,0,1.23453752954984,2,0,0.156533736357851,2,Canada,CAN,Ontario,N,,
2021-04-19 09:26:11,project_delta,34,9,1.7041338795895973,7,0,1.2345378411858772,7,0,0.15653380211336412,7,Taiwan,CAN,Changhua County,N,,
2021-04-20 09:26:11,project_gamma,34,9,2.6123486588803173,9,0,1.234538396,9,0,0.15653392,4,Taiwan,USA,Changhua County,N,gcp,asia-east1
2021-04-21 09:26:11,project_gamma,31,7,3.928738837310285,6,0,1.234535,6,0,0.1565332,6,USA,TWN,Changhua County,N,,
2021-04-22 09:26:11,project_gamma,31,5,1.6029515437903288,6,0,1.234538396,6,0,0.15653392,6,USA,TWN,Ohio,N,,
2021-04-23 09:26:11,project_delta,26,9,2.706541628971115,1,0,1.2345356848440707,3,0,0.15653334519706355,1,USA,TWN,Changhua County,N,,asia-east1
2021-04-24 09:26:11,project_theta,37,1,2.735501779082988,4,0,1.234535,4,0,0.1565332,4,Brazil,BRA,Sao Paulo,N,,
2021-04-25 09:26:11,project_alpha,48,4,1.440793106584535,4,0,1.2345361665501677,2,0,0.15653344724178617,4,Taiwan,CAN,Changhua County,N,,
2021-04-26 09:26:11,project_alpha,32,2,4.457844969367193,2,0,1.2345363241123666,4,0,0.1565334809957974,4,Taiwan,CAN,Ontario,N,,
2021-04-27 09:26:11,project_alpha,28,2,1.7703850574793472,5,0,1.234535,1,0,0.1565332,1,Taiwan,TWN,Changhua County,N,,
2021-04-28 09:26:11,project_gamma,38,6,4.4068156723324385,5,0,1.2345352739804936,5,0,0.1565332577942815,7,Taiwan,USA,Ontario,N,,
2021-04-29 09:26:11,project_delta,10,6,3.365425095653266,8,0,1.2345352219652523,8,0,0.15653324628533502,8,Taiwan,TWN,Changhua County,N,,
2021-04-30 09:26:11,project_alpha,33,2,4.5,4,0,1.234538396,4,0,0.15653392,4,Taiwan,USA,Changhua County,N,,
2021-05-01 09:26:11,project_alpha,49,6,4.36736098714256,4,0,1.2345371046300244,4,0,0.15653364601894948,4,Canada,CAN,Ontario,N,,
2021-05-02 09:26:11,project_delta,23,8,3.086442531195628,1,0,1.2345381324959226,1,0,0.1565338639206721,1,Canada,CAN,Ontario,N,,asia-east1
2021-05-03 09:26:11,project_gamma,15,1,2.5993552328953657,1,0,1.2345371208176907,3,0,0.15653364895856328,3,Taiwan,TWN,Ohio,Y,gcp,brazilsouth
2021-05-04 09:26:11,project_delta,25,3,2.3967520312916712,9,0,1.2345376541266648,9,0,0.15653376241976438,9,Taiwan,TWN,Ontario,N,gcp,
2021-05-05 09:26:11,project_alpha,17,7,3.9156760966683333,8,0,1.234535,8,0,0.1565332,8,Canada,CAN,Ontario,N,,
2021-05-06 09:26:11,project_gamma,33,5,1.5052120258789154,5,0,1.2345374971975889,5,0,0.1565337297555093,7,USA,USA,Ohio,N,,
2021-05-07 09:26:11,project_delta,49,8,2.140552720379605,2,0,1.2345357234606174,2,0,0.15653335305498361,2,Canada,CAN,Ontario,N,,
2021-05-08 09:26:11,project_beta,38,9,2.0447946499819043,6,0,1.234536174338818,9,0,0.15653344865237023,9,Canada,BRA,Ontario,N,,
2021-05-09 09:26:11,project_delta,46,9,1.8656096022249542,4,0,1.2345374813833605,4,0,0.15653372657003564,4,Taiwan,USA,Ohio,N,,
2021-05-10 09:26:11,project_theta,26,2,0.5,4,0,1.234536083898649,4,0,0.15653342980297633,9,Brazil,CAN,Ontario,N,gcp,brazilsouth
2021-05-11 09:26:11,project_delta,34,9,2.7652621643308435,2,0,1.2345359104679166,2,0,0.15653339267066846,2,Taiwan,TWN,Changhua County,N,,asia-east1
2021-05-12 09:26:11,project_delta,33,9,3.390058812119002,7,0,1.2345355889655114,5,0,0.15653332505606082,7,Canada,CAN,Ontario,N,,
2021-05-13 09:26:11,project_delta,17,9,4.5,6,0,1.2345350303603406,7,0,0.15653320655670042,6,Taiwan,CAN,Ontario,N,,
2021-05-14 09:26:11,project_theta,16,2,3.7341253427750147,5,0,1.2345364577122695,5,0,0.15653350888679343,1,Canada,BRA,Ontario,N,,
2021-05-15 09:26:11,project_alpha,26,6,3.4906969604035143,7,0,1.234536172941364,7,0,0.1565334485601669,7,Taiwan,CAN,Ontario,Y,,asia-east1
2021-05-16 09:26:11,project_alpha,10,6,4.193495263809567,8,0,1.234535951911541,8,0,0.15653340175952007,8,Canada,CAN,Ontario,N,,asia-east1
2021-05-17 09:26:11,project_gamma,40,4,2.5205427634890563,5,0,1.234538396,5,0,0.15653392,5,USA,USA,Ohio,N,,
2021-05-18 09:26:11,project_beta,27,1,4.5,5,0,1.234538221353109,7,0,0.1565338835344254,5,Brazil,BRA,Sao Paulo,N,gcp,brazilsouth
2021-05-19 09:26:11,project_alpha,34,4,3.399684248222604,2,0,1.234537330063059,2,0,0.15653369440920503,4,Canada,CAN,Sao Paulo,N,,asia-east1
2021-05-20 09:26:11,project_alpha,31,4,2.046917543266251,6,0,1.2345365120846679,6,0,0.15653352055691774,7,Canada,CAN,Ontario,N,,
2021-05-21 09:26:11,project_alpha,41,6,0.5,8,0,1.2345380511756192,8,0,0.15653384677422216,8,Brazil,CAN,Ontario,N,,
2021-05-22 09:26:11,project_beta,11,5,2.6933349664831763,3,0,1.234538396,3,0,0.15653392,3,Brazil,CAN,Ontario,N,,asia-east1
2021-05-23 09:26:11,project_theta,41,5,2.406527227604489,5,0,1.2345373565472166,7,0,0.15653369961577915,5,Canada,CAN,Ontario,N,,
2021-05-24 09:26:11,project_delta,38,1,4.5,9,0,1.234537958382328,6,0,0.15653382749730435,9,Taiwan,CAN,Changhua County,N,,asia-east1
2021-05-25 09:26:11,project_delta,49,4,2.298721112648115,5,0,1.2345381318347444,5,0,0.1565338640943322,1,USA,USA,Ohio,N,,
2021-05-26 09:26:11,project_alpha,33,2,1.3175702581471296,9,0,1.2345358096082522,9,0,0.15653337146995233,9,Canada,BRA,Ontario,N,,asia-east1
2021-05-27 09:26:11,project_alpha,23,7,3.8426656942686397,5,0,1.2345361527922496,1,0,0.15653344442404038,1,Canada,CAN,Changhua County,N,,
2021-05-28 09:26:11,project_theta,26,7,1.5528211266906415,8,0,1.2345353888702213,8,0,0.15653328208814332,8,Canada,CAN,Ontario,N,,
2021-05-29 09:26:11,project_alpha,21,2,2.8087739630726207,9,0,1.2345376928823677,6,0,0.1565337709889923,6,Taiwan,TWN,Changhua County,N,,
2021-05-30 09:26:11,project_gamma,34,5,1.8905181803096922,2,0,1.2345356365013336,2,0,0.1565333348982352,2,USA,USA,Ohio,N,gcp,
2021-05-31 09:26:11,project_beta,27,7,2.6521596276792025,6,0,1.2345380451797392,6,0,0.1565338458026924,7,Canada,BRA,Ontario,Y,,asia-east1
2021-06-01 09:26:11,project_alpha,10,7,1.6890557501469838,3,0,1.2345352143348094,3,0,0.15653324540094576,3,Canada,BRA,Ontario,N,,asia-east1
2021-06-02 09:26:11,project_gamma,20,5,1.6086577198492433,6,0,1.2345369312419159,7,0,0.15653360851182022,6,USA,USA,Ohio,N,,
2021-06-03 09:26:11,project_delta,31,5,0.5,2,0,1.2345370760612884,2,0,0.1565336399478856,2,Taiwan,USA,Ohio,N,,
2021-06-04 09:26:11,project_delta,47,4,1.8640404429029358,7,0,1.234537090725131,7,0,0.15653364318309226,6,Taiwan,TWN,Ontario,Y,,
2021-06-05 09:26:11,project_beta,30,8,3.889762558979974,8,0,1.2345353338484255,3,0,0.15653327095805555,8,Canada,BRA,Sao Paulo,N,,
2021-06-06 09:26:11,project_alpha,42,7,2.5809638201445453,2,0,1.2345372716844536,2,0,0.15653368168834722,2,Brazil,BRA,Ontario,N,,asia-east1
2021-06-07 09:26:11,project_alpha,44,9,4.038159421005913,3,0,1.2345369577255945,3,0,0.15653361530921955,8,Canada,CAN,Ontario,N,,
2021-06-08 09:26:11,project_gamma,29,8,4.5,5,0,1.2345364794526075,1,0,0.1565335137942676,1,Taiwan,TWN,Changhua County,N,,asia-east1
2021-06-09 09:26:11,project_delta,22,4,0.9745828032367265,1,0,1.2345378726018739,5,0,0.1565338092352635,1,Canada,TWN,Changhua County,N,,
2021-06-10 09:26:11,project_beta,33,8,2.6639727847381596,8,0,1.234535,8,0,0.1565332,8,Brazil,BRA,Sao Paulo,N,,brazilsouth
2021-06-11 09:26:11,project_alpha,45,7,2.907088517928062,8,0,1.2345363137066308,8,0,0.15653347841970053,8,Canada,CAN,Changhua County,Y,,brazilsouth
2021-06-12 09:26:11,project_beta,10,7,1.6041871160423562,8,0,1.2345377866430836,8,0,0.15653379058740155,8,Canada,CAN,Ontario,N,,
2021-06-13 09:26:11,project_delta,39,6,4.237059552462883,5,0,1.2345354321433433,7,0,0.15653329146746486,5,Canada,CAN,Changhua County,N,,
2021-06-14 09:26:11,project_gamma,33,7,2.8533757750773105,2,0,1.234536912919931,2,0,0.1565336054049919,2,USA,TWN,Changhua County,N,,
2021-06-15 09:26:11,project_delta,33,6,4.5,4,0,1.2345362851242694,4,0,0.1565334725952077,4,Canada,CAN,Ontario,N,,
2021-06-16 09:26:11,project_delta,25,4,1.1284298216636892,4,0,1.234537322635383,4,0,0.15653369298272474,4,USA,TWN,Changhua County,Y,,
2021-06-17 09:26:11,project_alpha,33,1,4.5,6,0,1.2345363210930502,6,0,0.15653348012990537,6,Canada,CAN,Ontario,N,,brazilsouth
2021-06-18 09:26:11,project_delta,41,6,4.306262839264206,7,0,1.2345362124081076,7,0,0.15653345723230988,7,Taiwan,CAN,Ontario,N,,
2021-06-19 09:26:11,project_theta,29,4,1.1345028225218747,6,0,1.2345355994321545,6,0,0.1565333270981022,6,Canada,CAN,Ontario,N,,
2021-06-20 09:26:11,project_alpha,29,9,3.6320964916746163,5,0,1.2345370341099724,5,0,0.15653363080565208,7,Canada,CAN,Ontario,Y,,brazilsouth
2021-06-21 09:26:11,project_beta,49,4,0.8745246190974316,4,0,1.2345377576737895,4,0,0.15653378506967963,4,Brazil,BRA,Sao Paulo,Y,gcp,asia-east1
2021-06-22 09:26:11,project_delta,30,5,0.5,6,0,1.2345383138875619,4,0,0.15653390256179514,6,Taiwan,USA,Changhua County,N,gcp,
2021-06-23 09:26:11,project_alpha,34,9,0.9310708279112443,7,0,1.2345364285081923,7,0,0.15653350288398704,7,Canada,CAN,Ontario,N,,
2021-06-24 09:26:11,project_theta,35,4,3.6918994510180063,6,0,1.234536561239138,6,0,0.15653353135075565,6,Taiwan,TWN,Changhua County,N,,
2021-06-25 09:26:11,project_beta,34,6,1.9408056905302615,5,0,1.2345368362075437,7,0,0.15653358914205057,7,Canada,CAN,Ontario,N,,
2021-06-26 09:26:11,project_alpha,27,5,2.6132922129831013,2,0,1.2345369900897736,2,0,0.1565336221291231,2,Canada,CAN,Ontario,N,,
2021-06-27 09:26:11,project_gamma,39,7,2.199244571033678,6,0,1.2345380692544488,6,0,0.15653385067185652,6,USA,USA,Ohio,N,gcp,
2021-06-28 09:26:11,project_theta,14,2,2.0487884600269206,3,0,1.2345377781541527,3,0,0.15653378925034922,3,Canada,CAN,Ontario,N,,
2021-06-29 09:26:11,project_delta,48,4,2.342830930838983,9,0,1.2345375954171363,6,0,0.15653375031154396,4,Taiwan,TWN,Ontario,N,,asia-east1
2021-06-30 09:26:11,project_alpha,33,6,1.9573382846721332,3,0,1.2345365392897483,3,0,0.15653352626443562,1,Brazil,CAN,Ontario,N,,brazilsouth
2021-07-01 09:26:11,project_alpha,28,6,2.386547299046664,7,0,1.234537027567776,7,0,0.15653362938179566,7,Brazil,BRA,Sao Paulo,N,,brazilsouth
2021-07-02 09:26:11,project_delta,24,2,2.253940157969916,7,0,1.2345371921901782,7,0,0.15653366507661917,7,Taiwan,TWN,Changhua County,N,,
2021-07-03 09:26:11,project_gamma,30,7,4.246340987175155,1,0,1.2345378960529674,1,0,0.15653381469854946,1,Taiwan,TWN,Changhua County,N,,
2021-07-04 09:26:11,project_alpha,34,9,4.438668696338498,4,0,1.234538396,4,0,0.15653392,4,Canada,CAN,Ontario,N,,
2021-07-05 09:26:11,project_gamma,33,5,3.062103947518943,5,0,1.234537943222811,1,0,0.15653382426965995,5,USA,TWN,Changhua County,N,,
2021-07-06 09:26:11,project_beta,37,8,3.486444256041823,7,0,1.234536389796805,7,0,0.15653349517291815,7,Canada,CAN,Ontario,Y,,brazilsouth
2021-07-07 09:26:11,project_beta,28,7,3.695959969985509,7,0,1.2345366399328148,5,0,0.1565335473666814,5,Brazil,BRA,Sao Paulo,N,,
2021-07-08 09:26:11,project_delta,34,7,2.1576836238379693,5,0,1.234536346867973,5,0,0.1565334855727302,5,Canada,CAN,Ontario,N,,
2021-07-09 09:26:11,project_delta,49,9,4.384414287096447,9,0,1.2345350486661133,9,0,0.15653321063979314,9,Canada,CAN,Ontario,N,,brazilsouth
2021-07-10 09:26:11,project_gamma,49,5,2.1292631854325266,2,0,1.2345368725393573,2,0,0.1565335966801978,2,USA,USA,Ohio,Y,gcp,
2021-07-11 09:26:11,project_theta,35,9,2.935309901303226,4,0,1.2345366037702905,4,0,0.15653354038205614,4,Canada,CAN,Sao Paulo,N,,
2021-07-12 09:26:11,project_gamma,41,1,3.181073876912823,7,0,1.2345358005578757,5,0,0.15653336976381002,7,USA,TWN,Ohio,N,,
2021-07-13 09:26:11,project_gamma,46,4,1.0622533418382079,6,0,1.2345368884196224,6,0,0.15653360008288017,6,Taiwan,TWN,Ohio,Y,,
2021-07-14 09:26:11,project_theta,44,2,1.5736828147100856,8,0,1.2345379634859264,8,0,0.15653382849754754,8,Canada,CAN,Ontario,Y,gcp,brazilsouth
2021-07-15 09:26:11,project_alpha,35,5,2.5654382434057528,6,0,1.2345367661246776,9,0,0.15653357447687363,9,Canada,TWN,Changhua County,N,gcp,
2021-07-16 09:26:11,project_delta,49,7,1.8899572014666763,9,0,1.234537361710076,9,0,0.15653370064775052,9,Taiwan,USA,Ohio,N,,
2021-07-17 09:26:11,project_gamma,30,7,3.772551889418194,1,0,1.2345369842684817,1,0,0.15653362092089135,1,USA,USA,Ohio,N,,
2021-07-18 09:26:11,project_theta,22,9,0.5,9,0,1.2345383303193744,4,0,0.1565339059791832,4,Canada,CAN,Ontario,N,,asia-east1
2021-07-19 09:26:11,project_delta,36,6,2.855365717654355,1,0,1.234538396,1,0,0.15653392,5,Taiwan,USA,Changhua County,N,gcp,asia-east1
2021-07-20 09:26:11,project_theta,34,9,2.819857449458761,9,0,1.234537072523154,9,0,0.15653363957762131,9,Canada,BRA,Ontario,Y,,
2021-07-21 09:26:11,project_alpha,29,4,3.020648675228048,6,0,1.2345382623471415,6,0,0.15653389232672918,6,Canada,CAN,Ontario,N,,
2021-07-22 09:26:11,project_delta,27,5,0.5,7,0,1.2345383479333463,7,0,0.15653390997722863,7,USA,USA,Ohio,N,gcp,
2021-07-23 09:26:11,project_delta,18,7,3.355782222254688,7,0,1.234536592032531,5,0,0.1565335371079187,7,Taiwan,CAN,Changhua County,N,,
2021-07-24 09:26:11,project_delta,13,9,0.8963302471589989,6,0,1.2345366778285496,6,0,0.15653355494208424,7,Taiwan,TWN,Changhua County,N,,asia-east1
2021-07-25 09:26:11,project_delta,13,9,1.4219134312637776,9,0,1.2345368220161836,6,0,0.1565335863917744,9,Taiwan,TWN,Changhua County,N,,
2021-07-26 09:26:11,project_theta,48,5,3.1094209824382864,4,0,1.2345362511268088,4,0,0.15653346540761004,4,Canada,CAN,Ontario,N,,asia-east1
2021-07-27 09:26:11,project_theta,48,4,2.5935406418189135,6,0,1.2345360924210722,6,0,0.15653343142688864,6,Canada,CAN,Ontario,Y,,brazilsouth
2021-07-28 09:26:11,project_alpha,37,2,1.2694384565270813,1,0,1.2345374329128174,1,0,0.1565337159167714,1,Canada,CAN,Ontario,Y,,
2021-07-29 09:26:11,project_delta,24,7,0.9064506678665927,6,0,1.2345370034237173,6,0,0.15653362484891048,6,Taiwan,TWN,Changhua County,N,,
2021-07-30 09:26:11,project_alpha,11,4,0.9562600420366507,3,0,1.2345374289962285,3,0,0.1565337155088132,1,Canada,CAN,Ontario,N,,brazilsouth
2021-07-31 09:26:11,project_alpha,15,8,4.5,5,0,1.2345365748644885,7,0,0.15653353345778565,5,Canada,BRA,Ontario,N,,brazilsouth
2021-08-01 09:26:11,project_delta,45,5,0.6635502467134073,7,0,1.234537040430555,7,0,0.15653363241710475,7,Taiwan,TWN,Changhua County,N,,
2021-08-02 09:26:11,project_theta,23,4,2.068935587786276,5,0,1.2345372827532948,5,0,0.15653368381676872,7,Brazil,BRA,Ontario,N,,asia-east1
2021-08-03 09:26:11,project_alpha,31,4,2.4233022525784946,4,0,1.234536750783352,2,0,0.15653357091123704,4,Canada,CAN,Ontario,N,,
2021-08-04 09:26:11,project_beta,44,9,3.2424394566706454,6,0,1.2345362863824303,6,0,0.15653347249780214,6,Brazil,BRA,Sao Paulo,N,,asia-east1
